Player Name,Nation,Overall,Player ID,Player Face URL,Card URL
MUSSO Juan,Argentina,79,214979,https://cdn.sofifa.net/players/214/979/26_120.png,https://ratings-images-prod.pulse.ea.com/FC26/components/items/214979_en.webp
BALERDI Leonardo,Argentina,81,242835,https://cdn.sofifa.net/players/242/835/26_120.png,https://ratings-images-prod.pulse.ea.com/FC26/components/items/242835_en.webp
TAGLIAFICO Nicolas,Argentina,78,211256,https://cdn.sofifa.net/players/211/256/26_120.png,https://ratings-images-prod.pulse.ea.com/FC26/components/items/211256_en.webp
MONTIEL Gonzalo,Argentina,78,231340,https://cdn.sofifa.net/players/231/340/26_120.png,https://ratings-images-prod.pulse.ea.com/FC26/components/items/231340_en.webp
PAREDES Leandro,Argentina,78,207439,https://cdn.sofifa.net/players/207/439/26_120.png,https://ratings-images-prod.pulse.ea.com/FC26/components/items/207439_en.webp
MARTINEZ Lisandro,Argentina,81,239301,https://cdn.sofifa.net/players/239/301/26_120.png,https://ratings-images-prod.pulse.ea.com/FC26/components/items/239301_en.webp
DE PAUL Rodrigo,Argentina,84,212616,https://cdn.sofifa.net/players/212/616/26_120.png,https://ratings-images-prod.pulse.ea.com/FC26/components/items/212616_en.webp
BARCO Valentin,Argentina,75,263370,https://cdn.sofifa.net/players/263/370/26_120.png,https://ratings-images-prod.pulse.ea.com/FC26/components/items/263370_en.webp
ALVAREZ Julian,Argentina,87,246191,https://cdn.sofifa.net/players/246/191/26_120.png,https://ratings-images-prod.pulse.ea.com/FC26/components/items/246191_en.webp
MESSI Lionel,Argentina,86,158023,https://cdn.sofifa.net/players/158/023/26_120.png,https://ratings-images-prod.pulse.ea.com/FC26/components/items/158023_en.webp
LO CELSO Giovani,Argentina,82,226226,https://cdn.sofifa.net/players/226/226/26_120.png,https://ratings-images-prod.pulse.ea.com/FC26/components/items/226226_en.webp
RULLI Geronimo,Argentina,82,215316,https://cdn.sofifa.net/players/215/316/26_120.png,https://ratings-images-prod.pulse.ea.com/FC26/components/items/215316_en.webp
ROMERO Cristian,Argentina,82,232488,https://cdn.sofifa.net/players/232/488/26_120.png,https://ratings-images-prod.pulse.ea.com/FC26/components/items/232488_en.webp
PALACIOS Exequiel,Argentina,84,231521,https://cdn.sofifa.net/players/231/521/26_120.png,https://ratings-images-prod.pulse.ea.com/FC26/components/items/231521_en.webp
GONZALEZ Nico,Argentina,79,255069,https://cdn.sofifa.net/players/255/069/26_120.png,https://ratings-images-prod.pulse.ea.com/FC26/components/items/255069_en.webp
ALMADA Thiago,Argentina,79,245371,https://cdn.sofifa.net/players/245/371/26_120.png,https://ratings-images-prod.pulse.ea.com/FC26/components/items/245371_en.webp
SIMEONE Giuliano,Argentina,81,253396,https://cdn.sofifa.net/players/253/396/26_120.png,https://ratings-images-prod.pulse.ea.com/FC26/components/items/253396_en.webp
PAZ Nico,Argentina,79,277846,https://cdn.sofifa.net/players/277/846/26_120.png,https://ratings-images-prod.pulse.ea.com/FC26/components/items/277846_en.webp
OTAMENDI Nicolas,Argentina,82,192366,https://cdn.sofifa.net/players/192/366/26_120.png,https://ratings-images-prod.pulse.ea.com/FC26/components/items/192366_en.webp
MAC ALLISTER Alexis,Argentina,87,239837,https://cdn.sofifa.net/players/239/837/26_120.png,https://ratings-images-prod.pulse.ea.com/FC26/components/items/239837_en.webp
LOPEZ Jose Manuel,Argentina,60,80662,https://cdn.sofifa.net/players/080/662/26_120.png,https://ratings-images-prod.pulse.ea.com/FC26/components/items/80662_en.webp
MARTINEZ Lautaro,Argentina,88,231478,https://cdn.sofifa.net/players/231/478/26_120.png,https://ratings-images-prod.pulse.ea.com/FC26/components/items/231478_en.webp
MARTINEZ Emiliano,Argentina,85,202811,https://cdn.sofifa.net/players/202/811/26_120.png,https://ratings-images-prod.pulse.ea.com/FC26/components/items/202811_en.webp
FERNANDEZ Enzo,Argentina,84,247090,https://cdn.sofifa.net/players/247/090/26_120.png,https://ratings-images-prod.pulse.ea.com/FC26/components/items/247090_en.webp
MEDINA Facundo,Argentina,79,236804,https://cdn.sofifa.net/players/236/804/26_120.png,https://ratings-images-prod.pulse.ea.com/FC26/components/items/236804_en.webp
MOLINA Nahuel,Argentina,79,233084,https://cdn.sofifa.net/players/233/084/26_120.png,https://ratings-images-prod.pulse.ea.com/FC26/components/items/233084_en.webp
SAMBA Brice,France,80,204883,https://cdn.sofifa.net/players/204/883/26_120.png,https://ratings-images-prod.pulse.ea.com/FC26/components/items/204883_en.webp
GUSTO Malo,France,79,259307,https://cdn.sofifa.net/players/259/307/26_120.png,https://ratings-images-prod.pulse.ea.com/FC26/components/items/259307_en.webp
DIGNE Lucas,France,80,200458,https://cdn.sofifa.net/players/200/458/26_120.png,https://ratings-images-prod.pulse.ea.com/FC26/components/items/200458_en.webp
UPAMECANO Dayot,France,85,229558,https://cdn.sofifa.net/players/229/558/26_120.png,https://ratings-images-prod.pulse.ea.com/FC26/components/items/229558_en.webp
KOUNDE Jules,France,87,241486,https://cdn.sofifa.net/players/241/486/26_120.png,https://ratings-images-prod.pulse.ea.com/FC26/components/items/241486_en.webp
KONE Manu,France,79,250723,https://cdn.sofifa.net/players/250/723/26_120.png,https://ratings-images-prod.pulse.ea.com/FC26/components/items/250723_en.webp
DEMBELE Ousmane,France,90,231443,https://cdn.sofifa.net/players/231/443/26_120.png,https://ratings-images-prod.pulse.ea.com/FC26/components/items/231443_en.webp
TCHOUAMENI Aurelien,France,84,241637,https://cdn.sofifa.net/players/241/637/26_120.png,https://ratings-images-prod.pulse.ea.com/FC26/components/items/241637_en.webp
THURAM Marcus,France,81,247246,https://cdn.sofifa.net/players/247/246/26_120.png,https://ratings-images-prod.pulse.ea.com/FC26/components/items/247246_en.webp
MBAPPE Kylian,France,91,231747,https://cdn.sofifa.net/players/231/747/26_120.png,https://ratings-images-prod.pulse.ea.com/FC26/components/items/231747_en.webp
OLISE Michael,France,86,247827,https://cdn.sofifa.net/players/247/827/26_120.png,https://ratings-images-prod.pulse.ea.com/FC26/components/items/247827_en.webp
BARCOLA Bradley,France,84,264652,https://cdn.sofifa.net/players/264/652/26_120.png,https://ratings-images-prod.pulse.ea.com/FC26/components/items/264652_en.webp
KANTE Ngolo,France,85,215914,https://cdn.sofifa.net/players/215/914/26_120.png,https://ratings-images-prod.pulse.ea.com/FC26/components/items/215914_en.webp
RABIOT Adrien,France,83,210008,https://cdn.sofifa.net/players/210/008/26_120.png,https://ratings-images-prod.pulse.ea.com/FC26/components/items/210008_en.webp
KONATE Ibrahima,France,86,237678,https://cdn.sofifa.net/players/237/678/26_120.png,https://ratings-images-prod.pulse.ea.com/FC26/components/items/237678_en.webp
MAIGNAN Mike,France,87,215698,https://cdn.sofifa.net/players/215/698/26_120.png,https://ratings-images-prod.pulse.ea.com/FC26/components/items/215698_en.webp
SALIBA William,France,87,243715,https://cdn.sofifa.net/players/243/715/26_120.png,https://ratings-images-prod.pulse.ea.com/FC26/components/items/243715_en.webp
ZAIRE-EMERY Warren,France,80,270673,https://cdn.sofifa.net/players/270/673/26_120.png,https://ratings-images-prod.pulse.ea.com/FC26/components/items/270673_en.webp
HERNANDEZ Theo,France,84,232656,https://cdn.sofifa.net/players/232/656/26_120.png,https://ratings-images-prod.pulse.ea.com/FC26/components/items/232656_en.webp
DOUE Desire,France,85,271421,https://cdn.sofifa.net/players/271/421/26_120.png,https://ratings-images-prod.pulse.ea.com/FC26/components/items/271421_en.webp
HERNANDEZ Lucas,France,81,220814,https://cdn.sofifa.net/players/220/814/26_120.png,https://ratings-images-prod.pulse.ea.com/FC26/components/items/220814_en.webp
MATETA Jean-Philippe,France,82,236461,https://cdn.sofifa.net/players/236/461/26_120.png,https://ratings-images-prod.pulse.ea.com/FC26/components/items/236461_en.webp
RISSER Robin,France,72,271918,https://cdn.sofifa.net/players/271/918/26_120.png,https://ratings-images-prod.pulse.ea.com/FC26/components/items/271918_en.webp
CHERKI Rayan,France,81,251570,https://cdn.sofifa.net/players/251/570/26_120.png,https://ratings-images-prod.pulse.ea.com/FC26/components/items/251570_en.webp
AKLIOUCHE Maghnes,France,80,264862,https://cdn.sofifa.net/players/264/862/26_120.png,https://ratings-images-prod.pulse.ea.com/FC26/components/items/264862_en.webp
LACROIX Maxence,France,79,244067,https://cdn.sofifa.net/players/244/067/26_120.png,https://ratings-images-prod.pulse.ea.com/FC26/components/items/244067_en.webp
RAYA David,Spain,87,220901,https://cdn.sofifa.net/players/220/901/26_120.png,https://ratings-images-prod.pulse.ea.com/FC26/components/items/220901_en.webp
PUBILL Marc,Spain,73,266039,https://cdn.sofifa.net/players/266/039/26_120.png,https://ratings-images-prod.pulse.ea.com/FC26/components/items/266039_en.webp
GRIMALDO Alex,Spain,84,210035,https://cdn.sofifa.net/players/210/035/26_120.png,https://ratings-images-prod.pulse.ea.com/FC26/components/items/210035_en.webp
GARCIA Eric,Spain,79,245037,https://cdn.sofifa.net/players/245/037/26_120.png,https://ratings-images-prod.pulse.ea.com/FC26/components/items/245037_en.webp
LLORENTE Marcos,Spain,84,226161,https://cdn.sofifa.net/players/226/161/26_120.png,https://ratings-images-prod.pulse.ea.com/FC26/components/items/226161_en.webp
MERINO Mikel,Spain,83,225193,https://cdn.sofifa.net/players/225/193/26_120.png,https://ratings-images-prod.pulse.ea.com/FC26/components/items/225193_en.webp
TORRES Ferran,Spain,83,241461,https://cdn.sofifa.net/players/241/461/26_120.png,https://ratings-images-prod.pulse.ea.com/FC26/components/items/241461_en.webp
RUIZ Fabian,Spain,85,226271,https://cdn.sofifa.net/players/226/271/26_120.png,https://ratings-images-prod.pulse.ea.com/FC26/components/items/226271_en.webp
GAVI,Spain,83,264240,https://cdn.sofifa.net/players/264/240/26_120.png,https://ratings-images-prod.pulse.ea.com/FC26/components/items/264240_en.webp
OLMO Dani,Spain,85,244260,https://cdn.sofifa.net/players/244/260/26_120.png,https://ratings-images-prod.pulse.ea.com/FC26/components/items/244260_en.webp
PINO Yeremy,Spain,80,259377,https://cdn.sofifa.net/players/259/377/26_120.png,https://ratings-images-prod.pulse.ea.com/FC26/components/items/259377_en.webp
PORRO Pedro,Spain,82,243576,https://cdn.sofifa.net/players/243/576/26_120.png,https://ratings-images-prod.pulse.ea.com/FC26/components/items/243576_en.webp
GARCIA Joan,Spain,83,259532,https://cdn.sofifa.net/players/259/532/26_120.png,https://ratings-images-prod.pulse.ea.com/FC26/components/items/259532_en.webp
LAPORTE Aymeric,Spain,82,212218,https://cdn.sofifa.net/players/212/218/26_120.png,https://ratings-images-prod.pulse.ea.com/FC26/components/items/212218_en.webp
BAENA Alex,Spain,84,257279,https://cdn.sofifa.net/players/257/279/26_120.png,https://ratings-images-prod.pulse.ea.com/FC26/components/items/257279_en.webp
RODRI,Spain,90,231866,https://cdn.sofifa.net/players/231/866/26_120.png,https://ratings-images-prod.pulse.ea.com/FC26/components/items/231866_en.webp
WILLIAMS Nico,Spain,86,256516,https://cdn.sofifa.net/players/256/516/26_120.png,https://ratings-images-prod.pulse.ea.com/FC26/components/items/256516_en.webp
ZUBIMENDI Martin,Spain,83,248148,https://cdn.sofifa.net/players/248/148/26_120.png,https://ratings-images-prod.pulse.ea.com/FC26/components/items/248148_en.webp
YAMAL Lamine,Spain,89,277643,https://cdn.sofifa.net/players/277/643/26_120.png,https://ratings-images-prod.pulse.ea.com/FC26/components/items/277643_en.webp
PEDRI,Spain,89,251854,https://cdn.sofifa.net/players/251/854/26_120.png,https://ratings-images-prod.pulse.ea.com/FC26/components/items/251854_en.webp
OYARZABAL Mikel,Spain,82,230142,https://cdn.sofifa.net/players/230/142/26_120.png,https://ratings-images-prod.pulse.ea.com/FC26/components/items/230142_en.webp
CUBARSI Pau,Spain,82,278046,https://cdn.sofifa.net/players/278/046/26_120.png,https://ratings-images-prod.pulse.ea.com/FC26/components/items/278046_en.webp
SIMON Unai,Spain,85,230869,https://cdn.sofifa.net/players/230/869/26_120.png,https://ratings-images-prod.pulse.ea.com/FC26/components/items/230869_en.webp
CUCURELLA Marc,Spain,84,239231,https://cdn.sofifa.net/players/239/231/26_120.png,https://ratings-images-prod.pulse.ea.com/FC26/components/items/239231_en.webp
MUNOZ Victor,Spain,65,76042,https://cdn.sofifa.net/players/076/042/26_120.png,https://ratings-images-prod.pulse.ea.com/FC26/components/items/76042_en.webp
IGLESIAS Borja,Spain,80,224179,https://cdn.sofifa.net/players/224/179/26_120.png,https://ratings-images-prod.pulse.ea.com/FC26/components/items/224179_en.webp
PICKFORD Jordan,England,84,204935,https://cdn.sofifa.net/players/204/935/26_120.png,https://ratings-images-prod.pulse.ea.com/FC26/components/items/204935_en.webp
KONSA Ezri,England,82,227678,https://cdn.sofifa.net/players/227/678/26_120.png,https://ratings-images-prod.pulse.ea.com/FC26/components/items/227678_en.webp
OREILLY Nico,England,73,277427,https://cdn.sofifa.net/players/277/427/26_120.png,https://ratings-images-prod.pulse.ea.com/FC26/components/items/277427_en.webp
RICE Declan,England,87,234378,https://cdn.sofifa.net/players/234/378/26_120.png,https://ratings-images-prod.pulse.ea.com/FC26/components/items/234378_en.webp
STONES John,England,82,203574,https://cdn.sofifa.net/players/203/574/26_120.png,https://ratings-images-prod.pulse.ea.com/FC26/components/items/203574_en.webp
GUEHI Marc,England,84,239231,https://cdn.sofifa.net/players/239/231/26_120.png,https://ratings-images-prod.pulse.ea.com/FC26/components/items/239231_en.webp
SAKA Bukayo,England,88,246669,https://cdn.sofifa.net/players/246/669/26_120.png,https://ratings-images-prod.pulse.ea.com/FC26/components/items/246669_en.webp
ANDERSON Elliot,England,80,254243,https://cdn.sofifa.net/players/254/243/26_120.png,https://ratings-images-prod.pulse.ea.com/FC26/components/items/254243_en.webp
KANE Harry,England,89,202126,https://cdn.sofifa.net/players/202/126/26_120.png,https://ratings-images-prod.pulse.ea.com/FC26/components/items/202126_en.webp
BELLINGHAM Jude,England,90,252371,https://cdn.sofifa.net/players/252/371/26_120.png,https://ratings-images-prod.pulse.ea.com/FC26/components/items/252371_en.webp
RASHFORD Marcus,England,80,231677,https://cdn.sofifa.net/players/231/677/26_120.png,https://ratings-images-prod.pulse.ea.com/FC26/components/items/231677_en.webp
LIVRAMENTO Tino,England,80,262118,https://cdn.sofifa.net/players/262/118/26_120.png,https://ratings-images-prod.pulse.ea.com/FC26/components/items/262118_en.webp
HENDERSON Dean,England,81,233306,https://cdn.sofifa.net/players/233/306/26_120.png,https://ratings-images-prod.pulse.ea.com/FC26/components/items/233306_en.webp
HENDERSON Jordan,England,79,183711,https://cdn.sofifa.net/players/183/711/26_120.png,https://ratings-images-prod.pulse.ea.com/FC26/components/items/183711_en.webp
BURN Dan,England,79,198032,https://cdn.sofifa.net/players/198/032/26_120.png,https://ratings-images-prod.pulse.ea.com/FC26/components/items/198032_en.webp
MAINOO Kobbie,England,77,269136,https://cdn.sofifa.net/players/269/136/26_120.png,https://ratings-images-prod.pulse.ea.com/FC26/components/items/269136_en.webp
ROGERS Morgan,England,82,260247,https://cdn.sofifa.net/players/260/247/26_120.png,https://ratings-images-prod.pulse.ea.com/FC26/components/items/260247_en.webp
GORDON Anthony,England,83,242964,https://cdn.sofifa.net/players/242/964/26_120.png,https://ratings-images-prod.pulse.ea.com/FC26/components/items/242964_en.webp
WATKINS Ollie,England,84,221697,https://cdn.sofifa.net/players/221/697/26_120.png,https://ratings-images-prod.pulse.ea.com/FC26/components/items/221697_en.webp
MADUEKE Noni,England,80,254796,https://cdn.sofifa.net/players/254/796/26_120.png,https://ratings-images-prod.pulse.ea.com/FC26/components/items/254796_en.webp
EZE Eberechi,England,83,235794,https://cdn.sofifa.net/players/235/794/26_120.png,https://ratings-images-prod.pulse.ea.com/FC26/components/items/235794_en.webp
TONEY Ivan,England,81,212228,https://cdn.sofifa.net/players/212/228/26_120.png,https://ratings-images-prod.pulse.ea.com/FC26/components/items/212228_en.webp
TRAFFORD James,England,76,263063,https://cdn.sofifa.net/players/263/063/26_120.png,https://ratings-images-prod.pulse.ea.com/FC26/components/items/263063_en.webp
JAMES Reece,England,81,238074,https://cdn.sofifa.net/players/238/074/26_120.png,https://ratings-images-prod.pulse.ea.com/FC26/components/items/238074_en.webp
SPENCE Djed,England,78,243702,https://cdn.sofifa.net/players/243/702/26_120.png,https://ratings-images-prod.pulse.ea.com/FC26/components/items/243702_en.webp
QUANSAH Jarell,England,75,273651,https://cdn.sofifa.net/players/273/651/26_120.png,https://ratings-images-prod.pulse.ea.com/FC26/components/items/273651_en.webp
ALISSON,Brazil,70,77883,https://cdn.sofifa.net/players/077/883/26_120.png,https://ratings-images-prod.pulse.ea.com/FC26/components/items/77883_en.webp
WESLEY,Brazil,77,80170,https://cdn.sofifa.net/players/080/170/26_120.png,https://ratings-images-prod.pulse.ea.com/FC26/components/items/80170_en.webp
GABRIEL MAGALHAES,Brazil,88,232580,https://cdn.sofifa.net/players/232/580/26_120.png,https://ratings-images-prod.pulse.ea.com/FC26/components/items/232580_en.webp
MARQUINHOS,Brazil,87,207865,https://cdn.sofifa.net/players/207/865/26_120.png,https://ratings-images-prod.pulse.ea.com/FC26/components/items/207865_en.webp
CASEMIRO,Brazil,80,200145,https://cdn.sofifa.net/players/200/145/26_120.png,https://ratings-images-prod.pulse.ea.com/FC26/components/items/200145_en.webp
ALEX SANDRO,Brazil,84,257279,https://cdn.sofifa.net/players/257/279/26_120.png,https://ratings-images-prod.pulse.ea.com/FC26/components/items/257279_en.webp
VINICIUS JUNIOR,Brazil,89,238794,https://cdn.sofifa.net/players/238/794/26_120.png,https://ratings-images-prod.pulse.ea.com/FC26/components/items/238794_en.webp
BRUNO GUIMARAES,Brazil,86,247851,https://cdn.sofifa.net/players/247/851/26_120.png,https://ratings-images-prod.pulse.ea.com/FC26/components/items/247851_en.webp
MATHEUS CUNHA,Brazil,83,240243,https://cdn.sofifa.net/players/240/243/26_120.png,https://ratings-images-prod.pulse.ea.com/FC26/components/items/240243_en.webp
NEYMAR JR,Brazil,89,238794,https://cdn.sofifa.net/players/238/794/26_120.png,https://ratings-images-prod.pulse.ea.com/FC26/components/items/238794_en.webp
RAPHINHA,Brazil,89,233419,https://cdn.sofifa.net/players/233/419/26_120.png,https://ratings-images-prod.pulse.ea.com/FC26/components/items/233419_en.webp
WEVERTON,Brazil,N/A,N/A,N/A,N/A
DANILO,Brazil,68,216283,https://cdn.sofifa.net/players/216/283/26_120.png,https://ratings-images-prod.pulse.ea.com/FC26/components/items/216283_en.webp
BREMER,Brazil,85,239580,https://cdn.sofifa.net/players/239/580/26_120.png,https://ratings-images-prod.pulse.ea.com/FC26/components/items/239580_en.webp
LEO PEREIRA,Brazil,75,233061,https://cdn.sofifa.net/players/233/061/26_120.png,https://ratings-images-prod.pulse.ea.com/FC26/components/items/233061_en.webp
DOUGLAS SANTOS,Brazil,80,236499,https://cdn.sofifa.net/players/236/499/26_120.png,https://ratings-images-prod.pulse.ea.com/FC26/components/items/236499_en.webp
FABINHO,Brazil,82,209499,https://cdn.sofifa.net/players/209/499/26_120.png,https://ratings-images-prod.pulse.ea.com/FC26/components/items/209499_en.webp
DANILO SANTOS,Brazil,79,227890,https://cdn.sofifa.net/players/227/890/26_120.png,https://ratings-images-prod.pulse.ea.com/FC26/components/items/227890_en.webp
ENDRICK,Brazil,77,272505,https://cdn.sofifa.net/players/272/505/26_120.png,https://ratings-images-prod.pulse.ea.com/FC26/components/items/272505_en.webp
LUCAS PAQUETA,Brazil,80,233927,https://cdn.sofifa.net/players/233/927/26_120.png,https://ratings-images-prod.pulse.ea.com/FC26/components/items/233927_en.webp
LUIZ HENRIQUE,Brazil,80,236499,https://cdn.sofifa.net/players/236/499/26_120.png,https://ratings-images-prod.pulse.ea.com/FC26/components/items/236499_en.webp
GABRIEL MARTINELLI,Brazil,81,251566,https://cdn.sofifa.net/players/251/566/26_120.png,https://ratings-images-prod.pulse.ea.com/FC26/components/items/251566_en.webp
EDERSON,Brazil,82,266866,https://cdn.sofifa.net/players/266/866/26_120.png,https://ratings-images-prod.pulse.ea.com/FC26/components/items/266866_en.webp
ROGER IBANEZ,Brazil,82,247257,https://cdn.sofifa.net/players/247/257/26_120.png,https://ratings-images-prod.pulse.ea.com/FC26/components/items/247257_en.webp
IGOR THIAGO,Brazil,75,275771,https://cdn.sofifa.net/players/275/771/26_120.png,https://ratings-images-prod.pulse.ea.com/FC26/components/items/275771_en.webp
RAYAN,Brazil,81,242641,https://cdn.sofifa.net/players/242/641/26_120.png,https://ratings-images-prod.pulse.ea.com/FC26/components/items/242641_en.webp
DIOGO COSTA,Portugal,84,234577,https://cdn.sofifa.net/players/234/577/26_120.png,https://ratings-images-prod.pulse.ea.com/FC26/components/items/234577_en.webp
NELSON SEMEDO,Portugal,77,227928,https://cdn.sofifa.net/players/227/928/26_120.png,https://ratings-images-prod.pulse.ea.com/FC26/components/items/227928_en.webp
RUBEN DIAS,Portugal,86,239818,https://cdn.sofifa.net/players/239/818/26_120.png,https://ratings-images-prod.pulse.ea.com/FC26/components/items/239818_en.webp
TOMAS ARAUJO,Portugal,78,266096,https://cdn.sofifa.net/players/266/096/26_120.png,https://ratings-images-prod.pulse.ea.com/FC26/components/items/266096_en.webp
DIOGO DALOT,Portugal,79,234574,https://cdn.sofifa.net/players/234/574/26_120.png,https://ratings-images-prod.pulse.ea.com/FC26/components/items/234574_en.webp
MATHEUS NUNES,Portugal,79,253124,https://cdn.sofifa.net/players/253/124/26_120.png,https://ratings-images-prod.pulse.ea.com/FC26/components/items/253124_en.webp
CRISTIANO RONALDO,Portugal,85,20801,https://cdn.sofifa.net/players/020/801/26_120.png,https://ratings-images-prod.pulse.ea.com/FC26/components/items/20801_en.webp
BRUNO FERNANDES,Portugal,87,212198,https://cdn.sofifa.net/players/212/198/26_120.png,https://ratings-images-prod.pulse.ea.com/FC26/components/items/212198_en.webp
GONCALO RAMOS,Portugal,80,256903,https://cdn.sofifa.net/players/256/903/26_120.png,https://ratings-images-prod.pulse.ea.com/FC26/components/items/256903_en.webp
BERNARDO SILVA,Portugal,84,218667,https://cdn.sofifa.net/players/218/667/26_120.png,https://ratings-images-prod.pulse.ea.com/FC26/components/items/218667_en.webp
JOAO FELIX,Portugal,79,242444,https://cdn.sofifa.net/players/242/444/26_120.png,https://ratings-images-prod.pulse.ea.com/FC26/components/items/242444_en.webp
JOSE SA,Portugal,77,212442,https://cdn.sofifa.net/players/212/442/26_120.png,https://ratings-images-prod.pulse.ea.com/FC26/components/items/212442_en.webp
RENATO VEIGA,Portugal,76,273906,https://cdn.sofifa.net/players/273/906/26_120.png,https://ratings-images-prod.pulse.ea.com/FC26/components/items/273906_en.webp
GONCALO INACIO,Portugal,81,257179,https://cdn.sofifa.net/players/257/179/26_120.png,https://ratings-images-prod.pulse.ea.com/FC26/components/items/257179_en.webp
JOAO NEVES,Portugal,85,272834,https://cdn.sofifa.net/players/272/834/26_120.png,https://ratings-images-prod.pulse.ea.com/FC26/components/items/272834_en.webp
FRANCISCO TRINCAO,Portugal,82,244778,https://cdn.sofifa.net/players/244/778/26_120.png,https://ratings-images-prod.pulse.ea.com/FC26/components/items/244778_en.webp
RAFAEL LEAO,Portugal,84,241721,https://cdn.sofifa.net/players/241/721/26_120.png,https://ratings-images-prod.pulse.ea.com/FC26/components/items/241721_en.webp
PEDRO NETO,Portugal,80,238616,https://cdn.sofifa.net/players/238/616/26_120.png,https://ratings-images-prod.pulse.ea.com/FC26/components/items/238616_en.webp
GONCALO GUEDES,Portugal,75,224411,https://cdn.sofifa.net/players/224/411/26_120.png,https://ratings-images-prod.pulse.ea.com/FC26/components/items/224411_en.webp
JOAO CANCELO,Portugal,84,210514,https://cdn.sofifa.net/players/210/514/26_120.png,https://ratings-images-prod.pulse.ea.com/FC26/components/items/210514_en.webp
RUBEN NEVES,Portugal,84,224293,https://cdn.sofifa.net/players/224/293/26_120.png,https://ratings-images-prod.pulse.ea.com/FC26/components/items/224293_en.webp
RUI SILVA,Portugal,81,210385,https://cdn.sofifa.net/players/210/385/26_120.png,https://ratings-images-prod.pulse.ea.com/FC26/components/items/210385_en.webp
VITINHA,Portugal,89,255253,https://cdn.sofifa.net/players/255/253/26_120.png,https://ratings-images-prod.pulse.ea.com/FC26/components/items/255253_en.webp
SAMU COSTA,Portugal,78,255566,https://cdn.sofifa.net/players/255/566/26_120.png,https://ratings-images-prod.pulse.ea.com/FC26/components/items/255566_en.webp
NUNO MENDES,Portugal,86,252145,https://cdn.sofifa.net/players/252/145/26_120.png,https://ratings-images-prod.pulse.ea.com/FC26/components/items/252145_en.webp
FRANCISCO CONCEICAO,Portugal,79,261050,https://cdn.sofifa.net/players/261/050/26_120.png,https://ratings-images-prod.pulse.ea.com/FC26/components/items/261050_en.webp
NEUER Manuel,Germany,84,167495,https://cdn.sofifa.net/players/167/495/26_120.png,https://ratings-images-prod.pulse.ea.com/FC26/components/items/167495_en.webp
RUEDIGER Antonio,Germany,73,252909,https://cdn.sofifa.net/players/252/909/26_120.png,https://ratings-images-prod.pulse.ea.com/FC26/components/items/252909_en.webp
ANTON Waldemar,Germany,82,229476,https://cdn.sofifa.net/players/229/476/26_120.png,https://ratings-images-prod.pulse.ea.com/FC26/components/items/229476_en.webp
TAH Jonathan,Germany,87,213331,https://cdn.sofifa.net/players/213/331/26_120.png,https://ratings-images-prod.pulse.ea.com/FC26/components/items/213331_en.webp
PAVLOVIC Aleksandar,Germany,79,275298,https://cdn.sofifa.net/players/275/298/26_120.png,https://ratings-images-prod.pulse.ea.com/FC26/components/items/275298_en.webp
KIMMICH Joshua,Germany,89,212622,https://cdn.sofifa.net/players/212/622/26_120.png,https://ratings-images-prod.pulse.ea.com/FC26/components/items/212622_en.webp
HAVERTZ Kai,Germany,82,235790,https://cdn.sofifa.net/players/235/790/26_120.png,https://ratings-images-prod.pulse.ea.com/FC26/components/items/235790_en.webp
GORETZKA Leon,Germany,82,209658,https://cdn.sofifa.net/players/209/658/26_120.png,https://ratings-images-prod.pulse.ea.com/FC26/components/items/209658_en.webp
LEWELING Jamie,Germany,75,252448,https://cdn.sofifa.net/players/252/448/26_120.png,https://ratings-images-prod.pulse.ea.com/FC26/components/items/252448_en.webp
MUSIALA Jamal,Germany,88,256790,https://cdn.sofifa.net/players/256/790/26_120.png,https://ratings-images-prod.pulse.ea.com/FC26/components/items/256790_en.webp
WOLTEMADE Nick,Germany,79,254022,https://cdn.sofifa.net/players/254/022/26_120.png,https://ratings-images-prod.pulse.ea.com/FC26/components/items/254022_en.webp
BAUMANN Oliver,Germany,83,193698,https://cdn.sofifa.net/players/193/698/26_120.png,https://ratings-images-prod.pulse.ea.com/FC26/components/items/193698_en.webp
GROSS Pascal,Germany,80,190765,https://cdn.sofifa.net/players/190/765/26_120.png,https://ratings-images-prod.pulse.ea.com/FC26/components/items/190765_en.webp
BEIER Maximilian,Germany,79,254117,https://cdn.sofifa.net/players/254/117/26_120.png,https://ratings-images-prod.pulse.ea.com/FC26/components/items/254117_en.webp
SCHLOTTERBECK Nico,Germany,85,247819,https://cdn.sofifa.net/players/247/819/26_120.png,https://ratings-images-prod.pulse.ea.com/FC26/components/items/247819_en.webp
STILLER Angelo,Germany,83,250959,https://cdn.sofifa.net/players/250/959/26_120.png,https://ratings-images-prod.pulse.ea.com/FC26/components/items/250959_en.webp
WIRTZ Florian,Germany,89,256630,https://cdn.sofifa.net/players/256/630/26_120.png,https://ratings-images-prod.pulse.ea.com/FC26/components/items/256630_en.webp
BROWN Nathaniel,Germany,77,269701,https://cdn.sofifa.net/players/269/701/26_120.png,https://ratings-images-prod.pulse.ea.com/FC26/components/items/269701_en.webp
SANE Leroy,Germany,82,222492,https://cdn.sofifa.net/players/222/492/26_120.png,https://ratings-images-prod.pulse.ea.com/FC26/components/items/222492_en.webp
AMIRI Nadiem,Germany,81,225309,https://cdn.sofifa.net/players/225/309/26_120.png,https://ratings-images-prod.pulse.ea.com/FC26/components/items/225309_en.webp
NUEBEL Alexander,Germany,81,223885,https://cdn.sofifa.net/players/223/885/26_120.png,https://ratings-images-prod.pulse.ea.com/FC26/components/items/223885_en.webp
RAUM David,Germany,82,236703,https://cdn.sofifa.net/players/236/703/26_120.png,https://ratings-images-prod.pulse.ea.com/FC26/components/items/236703_en.webp
NMECHA Felix,Germany,82,246863,https://cdn.sofifa.net/players/246/863/26_120.png,https://ratings-images-prod.pulse.ea.com/FC26/components/items/246863_en.webp
THIAW Malick,Germany,78,256261,https://cdn.sofifa.net/players/256/261/26_120.png,https://ratings-images-prod.pulse.ea.com/FC26/components/items/256261_en.webp
KARL Lennart,Germany,63,78063,https://cdn.sofifa.net/players/078/063/26_120.png,https://ratings-images-prod.pulse.ea.com/FC26/components/items/78063_en.webp
UNDAV Deniz,Germany,80,244176,https://cdn.sofifa.net/players/244/176/26_120.png,https://ratings-images-prod.pulse.ea.com/FC26/components/items/244176_en.webp
VERBRUGGEN Bart,Netherlands,78,258498,https://cdn.sofifa.net/players/258/498/26_120.png,https://ratings-images-prod.pulse.ea.com/FC26/components/items/258498_en.webp
TIMBER Jurrien,Netherlands,82,251805,https://cdn.sofifa.net/players/251/805/26_120.png,https://ratings-images-prod.pulse.ea.com/FC26/components/items/251805_en.webp
DE ROON Marten,Netherlands,81,208461,https://cdn.sofifa.net/players/208/461/26_120.png,https://ratings-images-prod.pulse.ea.com/FC26/components/items/208461_en.webp
VAN DIJK Virgil,Netherlands,90,203376,https://cdn.sofifa.net/players/203/376/26_120.png,https://ratings-images-prod.pulse.ea.com/FC26/components/items/203376_en.webp
AKE Nathan,Netherlands,83,208920,https://cdn.sofifa.net/players/208/920/26_120.png,https://ratings-images-prod.pulse.ea.com/FC26/components/items/208920_en.webp
VAN HECKE Jan Paul,Netherlands,80,258908,https://cdn.sofifa.net/players/258/908/26_120.png,https://ratings-images-prod.pulse.ea.com/FC26/components/items/258908_en.webp
KLUIVERT Justin,Netherlands,79,236920,https://cdn.sofifa.net/players/236/920/26_120.png,https://ratings-images-prod.pulse.ea.com/FC26/components/items/236920_en.webp
GRAVENBERCH Ryan,Netherlands,85,246104,https://cdn.sofifa.net/players/246/104/26_120.png,https://ratings-images-prod.pulse.ea.com/FC26/components/items/246104_en.webp
WEGHORST Wout,Netherlands,78,223689,https://cdn.sofifa.net/players/223/689/26_120.png,https://ratings-images-prod.pulse.ea.com/FC26/components/items/223689_en.webp
DEPAY Memphis,Netherlands,81,202556,https://cdn.sofifa.net/players/202/556/26_120.png,https://ratings-images-prod.pulse.ea.com/FC26/components/items/202556_en.webp
GAKPO Cody,Netherlands,84,242516,https://cdn.sofifa.net/players/242/516/26_120.png,https://ratings-images-prod.pulse.ea.com/FC26/components/items/242516_en.webp
WIEFFER Mats,Netherlands,78,248793,https://cdn.sofifa.net/players/248/793/26_120.png,https://ratings-images-prod.pulse.ea.com/FC26/components/items/248793_en.webp
ROEFS Robin,Netherlands,74,263798,https://cdn.sofifa.net/players/263/798/26_120.png,https://ratings-images-prod.pulse.ea.com/FC26/components/items/263798_en.webp
REIJNDERS Tijjani,Netherlands,86,240638,https://cdn.sofifa.net/players/240/638/26_120.png,https://ratings-images-prod.pulse.ea.com/FC26/components/items/240638_en.webp
VAN DE VEN Micky,Netherlands,82,264453,https://cdn.sofifa.net/players/264/453/26_120.png,https://ratings-images-prod.pulse.ea.com/FC26/components/items/264453_en.webp
TIL Guus,Netherlands,77,235663,https://cdn.sofifa.net/players/235/663/26_120.png,https://ratings-images-prod.pulse.ea.com/FC26/components/items/235663_en.webp
LANG Noa,Netherlands,80,239380,https://cdn.sofifa.net/players/239/380/26_120.png,https://ratings-images-prod.pulse.ea.com/FC26/components/items/239380_en.webp
MALEN Donyell,Netherlands,79,231447,https://cdn.sofifa.net/players/231/447/26_120.png,https://ratings-images-prod.pulse.ea.com/FC26/components/items/231447_en.webp
BROBBEY Brian,Netherlands,77,251810,https://cdn.sofifa.net/players/251/810/26_120.png,https://ratings-images-prod.pulse.ea.com/FC26/components/items/251810_en.webp
KOOPMEINERS Teun,Netherlands,81,240679,https://cdn.sofifa.net/players/240/679/26_120.png,https://ratings-images-prod.pulse.ea.com/FC26/components/items/240679_en.webp
DE JONG Frenkie,Netherlands,87,228702,https://cdn.sofifa.net/players/228/702/26_120.png,https://ratings-images-prod.pulse.ea.com/FC26/components/items/228702_en.webp
DUMFRIES Denzel,Netherlands,84,233096,https://cdn.sofifa.net/players/233/096/26_120.png,https://ratings-images-prod.pulse.ea.com/FC26/components/items/233096_en.webp
FLEKKEN Mark,Netherlands,78,211738,https://cdn.sofifa.net/players/211/738/26_120.png,https://ratings-images-prod.pulse.ea.com/FC26/components/items/211738_en.webp
SUMMERVILLE Crysencio,Netherlands,76,251954,https://cdn.sofifa.net/players/251/954/26_120.png,https://ratings-images-prod.pulse.ea.com/FC26/components/items/251954_en.webp
HATO Jorrel,Netherlands,78,272978,https://cdn.sofifa.net/players/272/978/26_120.png,https://ratings-images-prod.pulse.ea.com/FC26/components/items/272978_en.webp
TIMBER Quinten,Netherlands,80,251806,https://cdn.sofifa.net/players/251/806/26_120.png,https://ratings-images-prod.pulse.ea.com/FC26/components/items/251806_en.webp
COURTOIS Thibaut,Belgium,89,192119,https://cdn.sofifa.net/players/192/119/26_120.png,https://ratings-images-prod.pulse.ea.com/FC26/components/items/192119_en.webp
DEBAST Zeno,Belgium,78,254262,https://cdn.sofifa.net/players/254/262/26_120.png,https://ratings-images-prod.pulse.ea.com/FC26/components/items/254262_en.webp
THEATE Arthur,Belgium,80,257278,https://cdn.sofifa.net/players/257/278/26_120.png,https://ratings-images-prod.pulse.ea.com/FC26/components/items/257278_en.webp
MECHELE Brandon,Belgium,76,212204,https://cdn.sofifa.net/players/212/204/26_120.png,https://ratings-images-prod.pulse.ea.com/FC26/components/items/212204_en.webp
DE CUYPER Maxim,Belgium,80,251479,https://cdn.sofifa.net/players/251/479/26_120.png,https://ratings-images-prod.pulse.ea.com/FC26/components/items/251479_en.webp
WITSEL Axel,Belgium,77,177413,https://cdn.sofifa.net/players/177/413/26_120.png,https://ratings-images-prod.pulse.ea.com/FC26/components/items/177413_en.webp
DE BRUYNE Kevin,Belgium,87,192985,https://cdn.sofifa.net/players/192/985/26_120.png,https://ratings-images-prod.pulse.ea.com/FC26/components/items/192985_en.webp
TIELEMANS Youri,Belgium,85,216393,https://cdn.sofifa.net/players/216/393/26_120.png,https://ratings-images-prod.pulse.ea.com/FC26/components/items/216393_en.webp
LUKAKU Romelu,Belgium,84,192505,https://cdn.sofifa.net/players/192/505/26_120.png,https://ratings-images-prod.pulse.ea.com/FC26/components/items/192505_en.webp
TROSSARD Leandro,Belgium,83,207421,https://cdn.sofifa.net/players/207/421/26_120.png,https://ratings-images-prod.pulse.ea.com/FC26/components/items/207421_en.webp
DOKU Jeremy,Belgium,80,246420,https://cdn.sofifa.net/players/246/420/26_120.png,https://ratings-images-prod.pulse.ea.com/FC26/components/items/246420_en.webp
LAMMENS Senne,Belgium,78,254803,https://cdn.sofifa.net/players/254/803/26_120.png,https://ratings-images-prod.pulse.ea.com/FC26/components/items/254803_en.webp
PENDERS Mike,Belgium,73,270821,https://cdn.sofifa.net/players/270/821/26_120.png,https://ratings-images-prod.pulse.ea.com/FC26/components/items/270821_en.webp
LUKEBAKIO Dodi,Belgium,82,231416,https://cdn.sofifa.net/players/231/416/26_120.png,https://ratings-images-prod.pulse.ea.com/FC26/components/items/231416_en.webp
MEUNIER Thomas,Belgium,76,202371,https://cdn.sofifa.net/players/202/371/26_120.png,https://ratings-images-prod.pulse.ea.com/FC26/components/items/202371_en.webp
DE WINTER Koni,Belgium,74,265774,https://cdn.sofifa.net/players/265/774/26_120.png,https://ratings-images-prod.pulse.ea.com/FC26/components/items/265774_en.webp
DE KETELAERE Charles,Belgium,82,251470,https://cdn.sofifa.net/players/251/470/26_120.png,https://ratings-images-prod.pulse.ea.com/FC26/components/items/251470_en.webp
SEYS Joaquin,Belgium,73,71305,https://cdn.sofifa.net/players/071/305/26_120.png,https://ratings-images-prod.pulse.ea.com/FC26/components/items/71305_en.webp
MOREIRA Diego,Belgium,77,270039,https://cdn.sofifa.net/players/270/039/26_120.png,https://ratings-images-prod.pulse.ea.com/FC26/components/items/270039_en.webp
VANAKEN Hans,Belgium,80,200155,https://cdn.sofifa.net/players/200/155/26_120.png,https://ratings-images-prod.pulse.ea.com/FC26/components/items/200155_en.webp
CASTAGNE Timothy,Belgium,76,222501,https://cdn.sofifa.net/players/222/501/26_120.png,https://ratings-images-prod.pulse.ea.com/FC26/components/items/222501_en.webp
SAELEMAEKERS Alexis,Belgium,79,242664,https://cdn.sofifa.net/players/242/664/26_120.png,https://ratings-images-prod.pulse.ea.com/FC26/components/items/242664_en.webp
RASKIN Nicolas,Belgium,77,239810,https://cdn.sofifa.net/players/239/810/26_120.png,https://ratings-images-prod.pulse.ea.com/FC26/components/items/239810_en.webp
ONANA Amadou,Belgium,79,257057,https://cdn.sofifa.net/players/257/057/26_120.png,https://ratings-images-prod.pulse.ea.com/FC26/components/items/257057_en.webp
NGOY Nathan,Belgium,69,262071,https://cdn.sofifa.net/players/262/071/26_120.png,https://ratings-images-prod.pulse.ea.com/FC26/components/items/262071_en.webp
FERNANDEZ-PARDO Matias,Belgium,75,276048,https://cdn.sofifa.net/players/276/048/26_120.png,https://ratings-images-prod.pulse.ea.com/FC26/components/items/276048_en.webp
LIVAKOVIC Dominik,Croatia,80,241671,https://cdn.sofifa.net/players/241/671/26_120.png,https://ratings-images-prod.pulse.ea.com/FC26/components/items/241671_en.webp
STANISIC Josip,Croatia,78,250955,https://cdn.sofifa.net/players/250/955/26_120.png,https://ratings-images-prod.pulse.ea.com/FC26/components/items/250955_en.webp
PONGRACIC Marin,Croatia,74,238370,https://cdn.sofifa.net/players/238/370/26_120.png,https://ratings-images-prod.pulse.ea.com/FC26/components/items/238370_en.webp
GVARDIOL Josko,Croatia,84,251517,https://cdn.sofifa.net/players/251/517/26_120.png,https://ratings-images-prod.pulse.ea.com/FC26/components/items/251517_en.webp
CALETA-CAR Duje,Croatia,74,225263,https://cdn.sofifa.net/players/225/263/26_120.png,https://ratings-images-prod.pulse.ea.com/FC26/components/items/225263_en.webp
SUTALO Josip,Croatia,78,256325,https://cdn.sofifa.net/players/256/325/26_120.png,https://ratings-images-prod.pulse.ea.com/FC26/components/items/256325_en.webp
MORO Nikola,Croatia,75,244270,https://cdn.sofifa.net/players/244/270/26_120.png,https://ratings-images-prod.pulse.ea.com/FC26/components/items/244270_en.webp
KOVACIC Mateo,Croatia,83,207410,https://cdn.sofifa.net/players/207/410/26_120.png,https://ratings-images-prod.pulse.ea.com/FC26/components/items/207410_en.webp
KRAMARIC Andrej,Croatia,81,216354,https://cdn.sofifa.net/players/216/354/26_120.png,https://ratings-images-prod.pulse.ea.com/FC26/components/items/216354_en.webp
MODRIC Luka,Croatia,83,177003,https://cdn.sofifa.net/players/177/003/26_120.png,https://ratings-images-prod.pulse.ea.com/FC26/components/items/177003_en.webp
BUDIMIR Ante,Croatia,82,188335,https://cdn.sofifa.net/players/188/335/26_120.png,https://ratings-images-prod.pulse.ea.com/FC26/components/items/188335_en.webp
PANDUR Ivor,Croatia,72,258585,https://cdn.sofifa.net/players/258/585/26_120.png,https://ratings-images-prod.pulse.ea.com/FC26/components/items/258585_en.webp
VLASIC Nikola,Croatia,79,241095,https://cdn.sofifa.net/players/241/095/26_120.png,https://ratings-images-prod.pulse.ea.com/FC26/components/items/241095_en.webp
PERISIC Ivan,Croatia,81,181458,https://cdn.sofifa.net/players/181/458/26_120.png,https://ratings-images-prod.pulse.ea.com/FC26/components/items/181458_en.webp
PASALIC Mario,Croatia,80,223273,https://cdn.sofifa.net/players/223/273/26_120.png,https://ratings-images-prod.pulse.ea.com/FC26/components/items/223273_en.webp
BATURINA Martin,Croatia,78,262842,https://cdn.sofifa.net/players/262/842/26_120.png,https://ratings-images-prod.pulse.ea.com/FC26/components/items/262842_en.webp
SUCIC Petar,Croatia,74,276278,https://cdn.sofifa.net/players/276/278/26_120.png,https://ratings-images-prod.pulse.ea.com/FC26/components/items/276278_en.webp
JAKIC Kristijan,Croatia,76,257889,https://cdn.sofifa.net/players/257/889/26_120.png,https://ratings-images-prod.pulse.ea.com/FC26/components/items/257889_en.webp
FRUK Toni,Croatia,75,77673,https://cdn.sofifa.net/players/077/673/26_120.png,https://ratings-images-prod.pulse.ea.com/FC26/components/items/77673_en.webp
MATANOVIC Igor,Croatia,71,259750,https://cdn.sofifa.net/players/259/750/26_120.png,https://ratings-images-prod.pulse.ea.com/FC26/components/items/259750_en.webp
SUCIC Luka,Croatia,78,258775,https://cdn.sofifa.net/players/258/775/26_120.png,https://ratings-images-prod.pulse.ea.com/FC26/components/items/258775_en.webp
VUSKOVIC Luka,Croatia,72,275192,https://cdn.sofifa.net/players/275/192/26_120.png,https://ratings-images-prod.pulse.ea.com/FC26/components/items/275192_en.webp
KOTARSKI Dominik,Croatia,77,246267,https://cdn.sofifa.net/players/246/267/26_120.png,https://ratings-images-prod.pulse.ea.com/FC26/components/items/246267_en.webp
PASALIC Marco,Croatia,71,262740,https://cdn.sofifa.net/players/262/740/26_120.png,https://ratings-images-prod.pulse.ea.com/FC26/components/items/262740_en.webp
ERLIC Martin,Croatia,72,244456,https://cdn.sofifa.net/players/244/456/26_120.png,https://ratings-images-prod.pulse.ea.com/FC26/components/items/244456_en.webp
MUSA Petar,Croatia,76,244797,https://cdn.sofifa.net/players/244/797/26_120.png,https://ratings-images-prod.pulse.ea.com/FC26/components/items/244797_en.webp
BOUNOU Yassine,Morocco,82,209981,https://cdn.sofifa.net/players/209/981/26_120.png,https://ratings-images-prod.pulse.ea.com/FC26/components/items/209981_en.webp
HAKIMI Achraf,Morocco,89,235212,https://cdn.sofifa.net/players/235/212/26_120.png,https://ratings-images-prod.pulse.ea.com/FC26/components/items/235212_en.webp
MAZRAOUI Noussair,Morocco,80,236401,https://cdn.sofifa.net/players/236/401/26_120.png,https://ratings-images-prod.pulse.ea.com/FC26/components/items/236401_en.webp
AMRABAT Sofyan,Morocco,78,224158,https://cdn.sofifa.net/players/224/158/26_120.png,https://ratings-images-prod.pulse.ea.com/FC26/components/items/224158_en.webp
AGUERD Nayef,Morocco,81,244749,https://cdn.sofifa.net/players/244/749/26_120.png,https://ratings-images-prod.pulse.ea.com/FC26/components/items/244749_en.webp
BOUADDI Ayyoub,Morocco,75,278901,https://cdn.sofifa.net/players/278/901/26_120.png,https://ratings-images-prod.pulse.ea.com/FC26/components/items/278901_en.webp
TALBI Chemsdine,Morocco,73,275048,https://cdn.sofifa.net/players/275/048/26_120.png,https://ratings-images-prod.pulse.ea.com/FC26/components/items/275048_en.webp
OUNAHI Azzedine,Morocco,76,255125,https://cdn.sofifa.net/players/255/125/26_120.png,https://ratings-images-prod.pulse.ea.com/FC26/components/items/255125_en.webp
RAHIMI Sou ane,Morocco,78,264348,https://cdn.sofifa.net/players/264/348/26_120.png,https://ratings-images-prod.pulse.ea.com/FC26/components/items/264348_en.webp
DIAZ Brahim,Morocco,82,231410,https://cdn.sofifa.net/players/231/410/26_120.png,https://ratings-images-prod.pulse.ea.com/FC26/components/items/231410_en.webp
SAIBARI Ismael,Morocco,79,259480,https://cdn.sofifa.net/players/259/480/26_120.png,https://ratings-images-prod.pulse.ea.com/FC26/components/items/259480_en.webp
EL KAJOUI Munir,Morocco,74,223573,https://cdn.sofifa.net/players/223/573/26_120.png,https://ratings-images-prod.pulse.ea.com/FC26/components/items/223573_en.webp
EL OUAHDI Zakaria,Morocco,76,275353,https://cdn.sofifa.net/players/275/353/26_120.png,https://ratings-images-prod.pulse.ea.com/FC26/components/items/275353_en.webp
DIOP Issa,Morocco,76,231633,https://cdn.sofifa.net/players/231/633/26_120.png,https://ratings-images-prod.pulse.ea.com/FC26/components/items/231633_en.webp
EL MOURABET Samir,Morocco,66,279702,https://cdn.sofifa.net/players/279/702/26_120.png,https://ratings-images-prod.pulse.ea.com/FC26/components/items/279702_en.webp
YASSINE Gessime,Morocco,65,70017,https://cdn.sofifa.net/players/070/017/26_120.png,https://ratings-images-prod.pulse.ea.com/FC26/components/items/70017_en.webp
EZZALZOULI Abde,Morocco,77,264432,https://cdn.sofifa.net/players/264/432/26_120.png,https://ratings-images-prod.pulse.ea.com/FC26/components/items/264432_en.webp
RIAD Chadi,Morocco,72,258490,https://cdn.sofifa.net/players/258/490/26_120.png,https://ratings-images-prod.pulse.ea.com/FC26/components/items/258490_en.webp
BELAMMARI Youssef,Morocco,N/A,N/A,N/A,N/A
EL KAABI Ayoub,Morocco,80,243586,https://cdn.sofifa.net/players/243/586/26_120.png,https://ratings-images-prod.pulse.ea.com/FC26/components/items/243586_en.webp
AMAIMOUNI Ayoub,Morocco,63,78474,https://cdn.sofifa.net/players/078/474/26_120.png,https://ratings-images-prod.pulse.ea.com/FC26/components/items/78474_en.webp
TAGNAOUTI Ahmed Reda,Morocco,70,241777,https://cdn.sofifa.net/players/241/777/26_120.png,https://ratings-images-prod.pulse.ea.com/FC26/components/items/241777_en.webp
EL KHANNOUSS Bilal,Morocco,76,257504,https://cdn.sofifa.net/players/257/504/26_120.png,https://ratings-images-prod.pulse.ea.com/FC26/components/items/257504_en.webp
EL AYNAOUI Neil,Morocco,77,262745,https://cdn.sofifa.net/players/262/745/26_120.png,https://ratings-images-prod.pulse.ea.com/FC26/components/items/262745_en.webp
HALHAL Redouane,Morocco,63,264657,https://cdn.sofifa.net/players/264/657/26_120.png,https://ratings-images-prod.pulse.ea.com/FC26/components/items/264657_en.webp
SALAH EDDINE Anass,Morocco,71,268728,https://cdn.sofifa.net/players/268/728/26_120.png,https://ratings-images-prod.pulse.ea.com/FC26/components/items/268728_en.webp
ROCHET Sergio,Uruguay,79,241811,https://cdn.sofifa.net/players/241/811/26_120.png,https://ratings-images-prod.pulse.ea.com/FC26/components/items/241811_en.webp
GIMENEZ Jose Maria,Uruguay,83,216460,https://cdn.sofifa.net/players/216/460/26_120.png,https://ratings-images-prod.pulse.ea.com/FC26/components/items/216460_en.webp
CACERES Sebastian,Uruguay,69,209886,https://cdn.sofifa.net/players/209/886/26_120.png,https://ratings-images-prod.pulse.ea.com/FC26/components/items/209886_en.webp
ARAUJO Ronald,Uruguay,83,253163,https://cdn.sofifa.net/players/253/163/26_120.png,https://ratings-images-prod.pulse.ea.com/FC26/components/items/253163_en.webp
UGARTE Manuel,Uruguay,79,253306,https://cdn.sofifa.net/players/253/306/26_120.png,https://ratings-images-prod.pulse.ea.com/FC26/components/items/253306_en.webp
BENTANCUR Rodrigo,Uruguay,80,227535,https://cdn.sofifa.net/players/227/535/26_120.png,https://ratings-images-prod.pulse.ea.com/FC26/components/items/227535_en.webp
DE LA CRUZ Nicolas,Uruguay,66,74515,https://cdn.sofifa.net/players/074/515/26_120.png,https://ratings-images-prod.pulse.ea.com/FC26/components/items/74515_en.webp
VALVERDE Federico,Uruguay,89,239053,https://cdn.sofifa.net/players/239/053/26_120.png,https://ratings-images-prod.pulse.ea.com/FC26/components/items/239053_en.webp
NUNEZ Darwin,Uruguay,79,253072,https://cdn.sofifa.net/players/253/072/26_120.png,https://ratings-images-prod.pulse.ea.com/FC26/components/items/253072_en.webp
DE ARRASCAETA Giorgian,Uruguay,N/A,N/A,N/A,N/A
PELLISTRI Facundo,Uruguay,73,253283,https://cdn.sofifa.net/players/253/283/26_120.png,https://ratings-images-prod.pulse.ea.com/FC26/components/items/253283_en.webp
MELE Santiago,Uruguay,65,279847,https://cdn.sofifa.net/players/279/847/26_120.png,https://ratings-images-prod.pulse.ea.com/FC26/components/items/279847_en.webp
VARELA Guillermo,Uruguay,79,260599,https://cdn.sofifa.net/players/260/599/26_120.png,https://ratings-images-prod.pulse.ea.com/FC26/components/items/260599_en.webp
CANOBBIO Agustin,Uruguay,N/A,N/A,N/A,N/A
MARTINEZ Emiliano,Uruguay,85,202811,https://cdn.sofifa.net/players/202/811/26_120.png,https://ratings-images-prod.pulse.ea.com/FC26/components/items/202811_en.webp
OLIVERA Mathias,Uruguay,78,240716,https://cdn.sofifa.net/players/240/716/26_120.png,https://ratings-images-prod.pulse.ea.com/FC26/components/items/240716_en.webp
VINA Matias,Uruguay,68,248112,https://cdn.sofifa.net/players/248/112/26_120.png,https://ratings-images-prod.pulse.ea.com/FC26/components/items/248112_en.webp
RODRIGUEZ Brian,Uruguay,74,193352,https://cdn.sofifa.net/players/193/352/26_120.png,https://ratings-images-prod.pulse.ea.com/FC26/components/items/193352_en.webp
AGUIRRE Rodrigo,Uruguay,77,230349,https://cdn.sofifa.net/players/230/349/26_120.png,https://ratings-images-prod.pulse.ea.com/FC26/components/items/230349_en.webp
ARAUJO Maxi,Uruguay,77,254817,https://cdn.sofifa.net/players/254/817/26_120.png,https://ratings-images-prod.pulse.ea.com/FC26/components/items/254817_en.webp
VINAS Federico,Uruguay,72,253385,https://cdn.sofifa.net/players/253/385/26_120.png,https://ratings-images-prod.pulse.ea.com/FC26/components/items/253385_en.webp
PIQUEREZ Joaquin,Uruguay,73,232132,https://cdn.sofifa.net/players/232/132/26_120.png,https://ratings-images-prod.pulse.ea.com/FC26/components/items/232132_en.webp
MUSLERA Fernando,Uruguay,79,182494,https://cdn.sofifa.net/players/182/494/26_120.png,https://ratings-images-prod.pulse.ea.com/FC26/components/items/182494_en.webp
BUENO Santiago,Uruguay,76,237658,https://cdn.sofifa.net/players/237/658/26_120.png,https://ratings-images-prod.pulse.ea.com/FC26/components/items/237658_en.webp
SANABRIA Juan Manuel,Uruguay,N/A,N/A,N/A,N/A
ZALAZAR Rodrigo,Uruguay,79,251377,https://cdn.sofifa.net/players/251/377/26_120.png,https://ratings-images-prod.pulse.ea.com/FC26/components/items/251377_en.webp
